,label
tar_cell_1,resistant
tar_cell_2,resistant
tar_cell_3,resistant
tar_cell_4,resistant
tar_cell_5,resistant
tar_cell_6,resistant
tar_cell_7,resistant
tar_cell_8,resistant
tar_cell_9,resistant
tar_cell_10,resistant
tar_cell_11,resistant
tar_cell_12,resistant
tar_cell_13,resistant
tar_cell_14,resistant
tar_cell_15,resistant
tar_cell_16,resistant
tar_cell_17,resistant
tar_cell_18,resistant
tar_cell_19,resistant
tar_cell_20,resistant
tar_cell_21,resistant
tar_cell_22,resistant
tar_cell_23,resistant
tar_cell_24,resistant
tar_cell_25,resistant
tar_cell_26,resistant
tar_cell_27,resistant
tar_cell_28,resistant
tar_cell_29,resistant
tar_cell_30,resistant
tar_cell_31,resistant
tar_cell_32,resistant
tar_cell_33,resistant
tar_cell_34,resistant
tar_cell_35,resistant
tar_cell_36,resistant
tar_cell_37,resistant
tar_cell_38,resistant
tar_cell_39,resistant
tar_cell_40,resistant
tar_cell_41,resistant
tar_cell_42,resistant
tar_cell_43,resistant
tar_cell_44,resistant
tar_cell_45,resistant
tar_cell_46,resistant
tar_cell_47,resistant
tar_cell_48,resistant
tar_cell_49,resistant
tar_cell_50,resistant
tar_cell_51,resistant
tar_cell_52,resistant
tar_cell_53,resistant
tar_cell_54,resistant
tar_cell_55,resistant
tar_cell_56,resistant
tar_cell_57,resistant
tar_cell_58,resistant
tar_cell_59,resistant
tar_cell_60,resistant
tar_cell_61,resistant
tar_cell_62,resistant
tar_cell_63,resistant
tar_cell_64,resistant
tar_cell_65,resistant
tar_cell_66,resistant
tar_cell_67,resistant
tar_cell_68,resistant
tar_cell_69,resistant
tar_cell_70,resistant
tar_cell_71,resistant
tar_cell_72,resistant
tar_cell_73,resistant
tar_cell_74,resistant
tar_cell_75,resistant
tar_cell_76,resistant
tar_cell_77,resistant
tar_cell_78,resistant
tar_cell_79,resistant
tar_cell_80,resistant
tar_cell_81,resistant
tar_cell_82,resistant
tar_cell_83,resistant
tar_cell_84,resistant
tar_cell_85,resistant
tar_cell_86,resistant
tar_cell_87,resistant
tar_cell_88,resistant
tar_cell_89,resistant
tar_cell_90,resistant
tar_cell_91,resistant
tar_cell_92,resistant
tar_cell_93,resistant
tar_cell_94,resistant
tar_cell_95,resistant
tar_cell_96,resistant
tar_cell_97,resistant
tar_cell_98,resistant
tar_cell_99,resistant
tar_cell_100,resistant
tar_cell_101,resistant
tar_cell_102,resistant
tar_cell_103,resistant
tar_cell_104,resistant
tar_cell_105,resistant
tar_cell_106,resistant
tar_cell_107,resistant
tar_cell_108,resistant
tar_cell_109,resistant
tar_cell_110,resistant
tar_cell_111,resistant
tar_cell_112,resistant
tar_cell_113,resistant
tar_cell_114,resistant
tar_cell_115,resistant
tar_cell_116,resistant
tar_cell_117,resistant
tar_cell_118,resistant
tar_cell_119,resistant
tar_cell_120,resistant
tar_cell_121,resistant
tar_cell_122,resistant
tar_cell_123,resistant
tar_cell_124,resistant
tar_cell_125,resistant
tar_cell_126,resistant
tar_cell_127,resistant
tar_cell_128,resistant
tar_cell_129,resistant
tar_cell_130,resistant
tar_cell_131,resistant
tar_cell_132,resistant
tar_cell_133,resistant
tar_cell_134,resistant
tar_cell_135,resistant
tar_cell_136,resistant
tar_cell_137,resistant
tar_cell_138,resistant
tar_cell_139,resistant
tar_cell_140,resistant
tar_cell_141,resistant
tar_cell_142,resistant
tar_cell_143,resistant
tar_cell_144,resistant
tar_cell_145,resistant
tar_cell_146,resistant
tar_cell_147,resistant
tar_cell_148,resistant
tar_cell_149,resistant
tar_cell_150,resistant
tar_cell_151,resistant
tar_cell_152,resistant
tar_cell_153,resistant
tar_cell_154,resistant
tar_cell_155,resistant
tar_cell_156,resistant
tar_cell_157,resistant
tar_cell_158,resistant
tar_cell_159,resistant
tar_cell_160,resistant
tar_cell_161,resistant
tar_cell_162,resistant
tar_cell_163,resistant
tar_cell_164,resistant
tar_cell_165,resistant
tar_cell_166,resistant
tar_cell_167,resistant
tar_cell_168,resistant
tar_cell_169,resistant
tar_cell_170,resistant
tar_cell_171,resistant
tar_cell_172,resistant
tar_cell_173,resistant
tar_cell_174,resistant
tar_cell_175,resistant
tar_cell_176,resistant
tar_cell_177,resistant
tar_cell_178,resistant
tar_cell_179,resistant
tar_cell_180,resistant
tar_cell_181,resistant
tar_cell_182,resistant
tar_cell_183,resistant
tar_cell_184,resistant
tar_cell_185,resistant
tar_cell_186,resistant
tar_cell_187,resistant
tar_cell_188,resistant
tar_cell_189,resistant
tar_cell_190,resistant
tar_cell_191,resistant
tar_cell_192,resistant
tar_cell_193,resistant
tar_cell_194,resistant
tar_cell_195,resistant
tar_cell_196,resistant
tar_cell_197,resistant
tar_cell_198,resistant
tar_cell_199,resistant
tar_cell_200,resistant
tar_cell_201,resistant
tar_cell_202,resistant
tar_cell_203,resistant
tar_cell_204,resistant
tar_cell_205,resistant
tar_cell_206,resistant
tar_cell_207,resistant
tar_cell_208,resistant
tar_cell_209,resistant
tar_cell_210,resistant
tar_cell_211,resistant
tar_cell_212,resistant
tar_cell_213,resistant
tar_cell_214,resistant
tar_cell_215,resistant
tar_cell_216,resistant
tar_cell_217,resistant
tar_cell_218,resistant
tar_cell_219,resistant
tar_cell_220,resistant
tar_cell_221,resistant
tar_cell_222,resistant
tar_cell_223,resistant
tar_cell_224,resistant
tar_cell_225,resistant
tar_cell_226,resistant
tar_cell_227,resistant
tar_cell_228,resistant
tar_cell_229,resistant
tar_cell_230,resistant
tar_cell_231,resistant
tar_cell_232,resistant
tar_cell_233,resistant
tar_cell_234,resistant
tar_cell_235,resistant
tar_cell_236,resistant
tar_cell_237,resistant
tar_cell_238,resistant
tar_cell_239,resistant
tar_cell_240,resistant
tar_cell_241,resistant
tar_cell_242,resistant
tar_cell_243,resistant
tar_cell_244,resistant
tar_cell_245,resistant
tar_cell_246,resistant
tar_cell_247,resistant
tar_cell_248,resistant
tar_cell_249,resistant
tar_cell_250,resistant
tar_cell_251,resistant
tar_cell_252,resistant
tar_cell_253,resistant
tar_cell_254,resistant
tar_cell_255,resistant
tar_cell_256,resistant
tar_cell_257,resistant
tar_cell_258,resistant
tar_cell_259,resistant
tar_cell_260,resistant
tar_cell_261,resistant
tar_cell_262,resistant
tar_cell_263,resistant
tar_cell_264,resistant
tar_cell_265,resistant
tar_cell_266,resistant
tar_cell_267,resistant
tar_cell_268,resistant
tar_cell_269,resistant
tar_cell_270,resistant
tar_cell_271,resistant
tar_cell_272,resistant
tar_cell_273,resistant
tar_cell_274,resistant
tar_cell_275,resistant
tar_cell_276,resistant
tar_cell_277,resistant
tar_cell_278,resistant
tar_cell_279,resistant
tar_cell_280,resistant
tar_cell_281,resistant
tar_cell_282,resistant
tar_cell_283,resistant
tar_cell_284,resistant
tar_cell_285,resistant
tar_cell_286,resistant
tar_cell_287,resistant
tar_cell_288,resistant
tar_cell_289,resistant
tar_cell_290,resistant
tar_cell_291,resistant
tar_cell_292,resistant
tar_cell_293,resistant
tar_cell_294,resistant
tar_cell_295,resistant
tar_cell_296,resistant
tar_cell_297,resistant
tar_cell_298,resistant
tar_cell_299,resistant
tar_cell_300,resistant
tar_cell_301,resistant
tar_cell_302,resistant
tar_cell_303,resistant
tar_cell_304,resistant
tar_cell_305,resistant
tar_cell_306,resistant
tar_cell_307,resistant
tar_cell_308,resistant
tar_cell_309,resistant
tar_cell_310,resistant
tar_cell_311,resistant
tar_cell_312,resistant
tar_cell_313,resistant
tar_cell_314,resistant
tar_cell_315,resistant
tar_cell_316,resistant
tar_cell_317,resistant
tar_cell_318,resistant
tar_cell_319,resistant
tar_cell_320,resistant
tar_cell_321,resistant
tar_cell_322,resistant
tar_cell_323,resistant
tar_cell_324,resistant
tar_cell_325,resistant
tar_cell_326,resistant
tar_cell_327,resistant
tar_cell_328,resistant
tar_cell_329,resistant
tar_cell_330,resistant
tar_cell_331,resistant
tar_cell_332,resistant
tar_cell_333,resistant
tar_cell_334,resistant
tar_cell_335,resistant
tar_cell_336,resistant
tar_cell_337,resistant
tar_cell_338,resistant
tar_cell_339,resistant
tar_cell_340,resistant
tar_cell_341,resistant
tar_cell_342,resistant
tar_cell_343,resistant
tar_cell_344,resistant
tar_cell_345,resistant
tar_cell_346,resistant
tar_cell_347,resistant
tar_cell_348,resistant
tar_cell_349,resistant
tar_cell_350,resistant
tar_cell_351,resistant
tar_cell_352,resistant
tar_cell_353,resistant
tar_cell_354,resistant
tar_cell_355,resistant
tar_cell_356,resistant
tar_cell_357,resistant
tar_cell_358,resistant
tar_cell_359,resistant
tar_cell_360,resistant
tar_cell_361,resistant
tar_cell_362,resistant
tar_cell_363,resistant
tar_cell_364,resistant
tar_cell_365,resistant
tar_cell_366,resistant
tar_cell_367,resistant
tar_cell_368,resistant
tar_cell_369,resistant
tar_cell_370,resistant
tar_cell_371,resistant
tar_cell_372,resistant
tar_cell_373,resistant
tar_cell_374,resistant
tar_cell_375,resistant
tar_cell_376,resistant
tar_cell_377,resistant
tar_cell_378,resistant
tar_cell_379,resistant
tar_cell_380,resistant
tar_cell_381,resistant
tar_cell_382,resistant
tar_cell_383,resistant
tar_cell_384,resistant
tar_cell_385,resistant
tar_cell_386,resistant
tar_cell_387,resistant
tar_cell_388,resistant
tar_cell_389,resistant
tar_cell_390,resistant
tar_cell_391,resistant
tar_cell_392,resistant
tar_cell_393,resistant
tar_cell_394,resistant
tar_cell_395,resistant
tar_cell_396,resistant
tar_cell_397,resistant
tar_cell_398,resistant
tar_cell_399,resistant
tar_cell_400,resistant
tar_cell_401,resistant
tar_cell_402,resistant
tar_cell_403,resistant
tar_cell_404,resistant
tar_cell_405,resistant
tar_cell_406,resistant
tar_cell_407,resistant
tar_cell_408,resistant
tar_cell_409,resistant
tar_cell_410,resistant
tar_cell_411,resistant
tar_cell_412,resistant
tar_cell_413,resistant
tar_cell_414,resistant
tar_cell_415,resistant
tar_cell_416,resistant
tar_cell_417,resistant
tar_cell_418,resistant
tar_cell_419,resistant
tar_cell_420,resistant
tar_cell_421,resistant
tar_cell_422,resistant
tar_cell_423,resistant
tar_cell_424,resistant
tar_cell_425,resistant
tar_cell_426,resistant
tar_cell_427,resistant
tar_cell_428,resistant
tar_cell_429,resistant
tar_cell_430,resistant
tar_cell_431,resistant
tar_cell_432,resistant
tar_cell_433,resistant
tar_cell_434,resistant
tar_cell_435,resistant
tar_cell_436,resistant
tar_cell_437,resistant
tar_cell_438,resistant
tar_cell_439,resistant
tar_cell_440,resistant
tar_cell_441,resistant
tar_cell_442,resistant
tar_cell_443,resistant
tar_cell_444,resistant
tar_cell_445,resistant
tar_cell_446,resistant
tar_cell_447,resistant
tar_cell_448,resistant
tar_cell_449,resistant
tar_cell_450,resistant
tar_cell_451,resistant
tar_cell_452,resistant
tar_cell_453,resistant
tar_cell_454,resistant
tar_cell_455,resistant
tar_cell_456,resistant
tar_cell_457,resistant
tar_cell_458,resistant
tar_cell_459,resistant
tar_cell_460,resistant
tar_cell_461,resistant
tar_cell_462,resistant
tar_cell_463,resistant
tar_cell_464,resistant
tar_cell_465,resistant
tar_cell_466,resistant
tar_cell_467,resistant
tar_cell_468,resistant
tar_cell_469,resistant
tar_cell_470,resistant
tar_cell_471,resistant
tar_cell_472,resistant
tar_cell_473,resistant
tar_cell_474,resistant
tar_cell_475,resistant
tar_cell_476,resistant
tar_cell_477,resistant
tar_cell_478,resistant
tar_cell_479,resistant
tar_cell_480,resistant
tar_cell_481,resistant
tar_cell_482,resistant
tar_cell_483,resistant
tar_cell_484,resistant
tar_cell_485,resistant
tar_cell_486,resistant
tar_cell_487,resistant
tar_cell_488,resistant
tar_cell_489,resistant
tar_cell_490,resistant
tar_cell_491,resistant
tar_cell_492,resistant
tar_cell_493,resistant
tar_cell_494,resistant
tar_cell_495,resistant
tar_cell_496,resistant
tar_cell_497,resistant
tar_cell_498,resistant
tar_cell_499,resistant
tar_cell_500,resistant
tar_cell_501,resistant
tar_cell_502,resistant
tar_cell_503,resistant
tar_cell_504,resistant
tar_cell_505,resistant
tar_cell_506,resistant
tar_cell_507,resistant
tar_cell_508,resistant
tar_cell_509,resistant
tar_cell_510,resistant
tar_cell_511,resistant
tar_cell_512,resistant
tar_cell_513,resistant
tar_cell_514,resistant
tar_cell_515,resistant
tar_cell_516,resistant
tar_cell_517,resistant
tar_cell_518,resistant
tar_cell_519,resistant
tar_cell_520,resistant
tar_cell_521,resistant
tar_cell_522,resistant
tar_cell_523,resistant
tar_cell_524,resistant
tar_cell_525,resistant
tar_cell_526,resistant
tar_cell_527,resistant
tar_cell_528,resistant
tar_cell_529,resistant
tar_cell_530,resistant
tar_cell_531,resistant
tar_cell_532,resistant
tar_cell_533,resistant
tar_cell_534,resistant
tar_cell_535,resistant
tar_cell_536,resistant
tar_cell_537,resistant
tar_cell_538,resistant
tar_cell_539,resistant
tar_cell_540,resistant
tar_cell_541,resistant
tar_cell_542,resistant
tar_cell_543,resistant
tar_cell_544,resistant
tar_cell_545,resistant
tar_cell_546,resistant
tar_cell_547,resistant
tar_cell_548,resistant
tar_cell_549,resistant
tar_cell_550,resistant
tar_cell_551,resistant
tar_cell_552,resistant
tar_cell_553,resistant
tar_cell_554,resistant
tar_cell_555,resistant
tar_cell_556,resistant
tar_cell_557,resistant
tar_cell_558,resistant
tar_cell_559,resistant
tar_cell_560,resistant
tar_cell_561,resistant
tar_cell_562,resistant
tar_cell_563,resistant
tar_cell_564,resistant
tar_cell_565,resistant
tar_cell_566,resistant
tar_cell_567,resistant
tar_cell_568,resistant
tar_cell_569,resistant
tar_cell_570,resistant
tar_cell_571,resistant
tar_cell_572,resistant
tar_cell_573,resistant
tar_cell_574,resistant
tar_cell_575,resistant
tar_cell_576,resistant
tar_cell_577,resistant
tar_cell_578,resistant
tar_cell_579,resistant
tar_cell_580,resistant
tar_cell_581,resistant
tar_cell_582,resistant
tar_cell_583,resistant
tar_cell_584,resistant
tar_cell_585,resistant
tar_cell_586,resistant
tar_cell_587,resistant
tar_cell_588,resistant
tar_cell_589,resistant
tar_cell_590,resistant
tar_cell_591,resistant
tar_cell_592,resistant
tar_cell_593,resistant
tar_cell_594,resistant
tar_cell_595,resistant
tar_cell_596,resistant
tar_cell_597,resistant
tar_cell_598,resistant
tar_cell_599,resistant
tar_cell_600,resistant
tar_cell_601,resistant
tar_cell_602,resistant
tar_cell_603,resistant
tar_cell_604,resistant
tar_cell_605,resistant
tar_cell_606,resistant
tar_cell_607,resistant
tar_cell_608,resistant
tar_cell_609,resistant
tar_cell_610,resistant
tar_cell_611,resistant
tar_cell_612,resistant
tar_cell_613,resistant
tar_cell_614,resistant
tar_cell_615,resistant
tar_cell_616,resistant
tar_cell_617,resistant
tar_cell_618,resistant
tar_cell_619,resistant
tar_cell_620,resistant
tar_cell_621,resistant
tar_cell_622,resistant
tar_cell_623,resistant
tar_cell_624,resistant
tar_cell_625,resistant
tar_cell_626,resistant
tar_cell_627,resistant
tar_cell_628,resistant
tar_cell_629,resistant
tar_cell_630,resistant
tar_cell_631,resistant
tar_cell_632,resistant
tar_cell_633,resistant
tar_cell_634,resistant
tar_cell_635,resistant
tar_cell_636,resistant
tar_cell_637,resistant
tar_cell_638,resistant
tar_cell_639,resistant
tar_cell_640,resistant
tar_cell_641,resistant
tar_cell_642,resistant
tar_cell_643,resistant
tar_cell_644,resistant
tar_cell_645,resistant
tar_cell_646,resistant
tar_cell_647,resistant
tar_cell_648,resistant
tar_cell_649,resistant
tar_cell_650,resistant
tar_cell_651,resistant
tar_cell_652,resistant
tar_cell_653,resistant
tar_cell_654,resistant
tar_cell_655,resistant
tar_cell_656,resistant
tar_cell_657,resistant
tar_cell_658,resistant
tar_cell_659,resistant
tar_cell_660,resistant
tar_cell_661,resistant
tar_cell_662,resistant
tar_cell_663,resistant
tar_cell_664,resistant
tar_cell_665,resistant
tar_cell_666,resistant
tar_cell_667,resistant
tar_cell_668,resistant
tar_cell_669,resistant
tar_cell_670,resistant
tar_cell_671,resistant
tar_cell_672,resistant
tar_cell_673,resistant
tar_cell_674,resistant
tar_cell_675,resistant
tar_cell_676,resistant
tar_cell_677,resistant
tar_cell_678,resistant
tar_cell_679,resistant
tar_cell_680,resistant
tar_cell_681,resistant
tar_cell_682,resistant
tar_cell_683,resistant
tar_cell_684,resistant
tar_cell_685,resistant
tar_cell_686,resistant
tar_cell_687,resistant
tar_cell_688,resistant
tar_cell_689,resistant
tar_cell_690,resistant
tar_cell_691,resistant
tar_cell_692,resistant
tar_cell_693,resistant
tar_cell_694,resistant
tar_cell_695,resistant
tar_cell_696,resistant
tar_cell_697,resistant
tar_cell_698,resistant
tar_cell_699,resistant
tar_cell_700,resistant
tar_cell_701,resistant
tar_cell_702,resistant
tar_cell_703,resistant
tar_cell_704,resistant
tar_cell_705,resistant
tar_cell_706,resistant
tar_cell_707,resistant
tar_cell_708,resistant
tar_cell_709,resistant
tar_cell_710,resistant
tar_cell_711,resistant
tar_cell_712,resistant
tar_cell_713,resistant
tar_cell_714,resistant
tar_cell_715,resistant
tar_cell_716,resistant
tar_cell_717,resistant
tar_cell_718,resistant
tar_cell_719,resistant
tar_cell_720,resistant
tar_cell_721,resistant
tar_cell_722,resistant
tar_cell_723,resistant
tar_cell_724,resistant
tar_cell_725,resistant
tar_cell_726,resistant
tar_cell_727,resistant
tar_cell_728,resistant
tar_cell_729,resistant
tar_cell_730,resistant
tar_cell_731,resistant
tar_cell_732,resistant
tar_cell_733,resistant
tar_cell_734,resistant
tar_cell_735,resistant
tar_cell_736,resistant
tar_cell_737,resistant
tar_cell_738,resistant
tar_cell_739,resistant
tar_cell_740,resistant
tar_cell_741,resistant
tar_cell_742,resistant
tar_cell_743,resistant
tar_cell_744,resistant
tar_cell_745,resistant
tar_cell_746,resistant
tar_cell_747,resistant
tar_cell_748,resistant
tar_cell_749,resistant
tar_cell_750,resistant
tar_cell_751,resistant
tar_cell_752,resistant
tar_cell_753,resistant
tar_cell_754,resistant
tar_cell_755,resistant
tar_cell_756,resistant
tar_cell_757,resistant
tar_cell_758,resistant
tar_cell_759,resistant
tar_cell_760,resistant
tar_cell_761,resistant
tar_cell_762,resistant
tar_cell_763,resistant
tar_cell_764,resistant
tar_cell_765,resistant
tar_cell_766,resistant
tar_cell_767,resistant
tar_cell_768,resistant
tar_cell_769,resistant
tar_cell_770,resistant
tar_cell_771,resistant
tar_cell_772,resistant
tar_cell_773,resistant
tar_cell_774,resistant
tar_cell_775,resistant
tar_cell_776,resistant
tar_cell_777,resistant
tar_cell_778,resistant
tar_cell_779,resistant
tar_cell_780,resistant
tar_cell_781,resistant
tar_cell_782,resistant
tar_cell_783,resistant
tar_cell_784,resistant
tar_cell_785,resistant
tar_cell_786,resistant
tar_cell_787,resistant
tar_cell_788,resistant
tar_cell_789,resistant
tar_cell_790,resistant
tar_cell_791,resistant
tar_cell_792,resistant
tar_cell_793,resistant
tar_cell_794,resistant
tar_cell_795,resistant
tar_cell_796,resistant
tar_cell_797,resistant
tar_cell_798,resistant
tar_cell_799,resistant
tar_cell_800,resistant
tar_cell_801,resistant
tar_cell_802,resistant
tar_cell_803,resistant
tar_cell_804,resistant
tar_cell_805,resistant
tar_cell_806,resistant
tar_cell_807,resistant
tar_cell_808,resistant
tar_cell_809,resistant
tar_cell_810,resistant
tar_cell_811,resistant
tar_cell_812,resistant
tar_cell_813,resistant
tar_cell_814,resistant
tar_cell_815,resistant
tar_cell_816,resistant
tar_cell_817,resistant
tar_cell_818,resistant
tar_cell_819,resistant
tar_cell_820,resistant
tar_cell_821,resistant
tar_cell_822,resistant
tar_cell_823,resistant
tar_cell_824,resistant
tar_cell_825,resistant
tar_cell_826,resistant
tar_cell_827,resistant
tar_cell_828,resistant
tar_cell_829,resistant
tar_cell_830,resistant
tar_cell_831,resistant
tar_cell_832,resistant
tar_cell_833,resistant
tar_cell_834,resistant
tar_cell_835,resistant
tar_cell_836,resistant
tar_cell_837,resistant
tar_cell_838,resistant
tar_cell_839,resistant
tar_cell_840,resistant
tar_cell_841,resistant
tar_cell_842,resistant
tar_cell_843,resistant
tar_cell_844,resistant
tar_cell_845,resistant
tar_cell_846,resistant
tar_cell_847,resistant
tar_cell_848,resistant
tar_cell_849,resistant
tar_cell_850,resistant
tar_cell_851,resistant
tar_cell_852,resistant
tar_cell_853,resistant
tar_cell_854,resistant
tar_cell_855,resistant
tar_cell_856,resistant
tar_cell_857,resistant
tar_cell_858,resistant
tar_cell_859,resistant
tar_cell_860,resistant
tar_cell_861,resistant
tar_cell_862,resistant
tar_cell_863,resistant
tar_cell_864,resistant
tar_cell_865,resistant
tar_cell_866,resistant
tar_cell_867,resistant
tar_cell_868,resistant
tar_cell_869,resistant
tar_cell_870,resistant
tar_cell_871,resistant
tar_cell_872,resistant
tar_cell_873,resistant
tar_cell_874,resistant
tar_cell_875,resistant
tar_cell_876,resistant
tar_cell_877,resistant
tar_cell_878,resistant
tar_cell_879,resistant
tar_cell_880,resistant
tar_cell_881,resistant
tar_cell_882,resistant
tar_cell_883,resistant
tar_cell_884,resistant
tar_cell_885,resistant
tar_cell_886,resistant
tar_cell_887,resistant
tar_cell_888,resistant
tar_cell_889,resistant
tar_cell_890,resistant
tar_cell_891,resistant
tar_cell_892,resistant
tar_cell_893,resistant
tar_cell_894,resistant
tar_cell_895,resistant
tar_cell_896,resistant
tar_cell_897,resistant
tar_cell_898,resistant
tar_cell_899,resistant
tar_cell_900,resistant
tar_cell_901,resistant
tar_cell_902,resistant
tar_cell_903,resistant
tar_cell_904,resistant
tar_cell_905,resistant
tar_cell_906,resistant
tar_cell_907,resistant
tar_cell_908,resistant
tar_cell_909,resistant
tar_cell_910,resistant
tar_cell_911,resistant
tar_cell_912,resistant
tar_cell_913,resistant
tar_cell_914,resistant
tar_cell_915,resistant
tar_cell_916,resistant
tar_cell_917,resistant
tar_cell_918,resistant
tar_cell_919,resistant
tar_cell_920,resistant
tar_cell_921,resistant
tar_cell_922,resistant
tar_cell_923,resistant
tar_cell_924,resistant
tar_cell_925,resistant
tar_cell_926,resistant
tar_cell_927,resistant
tar_cell_928,resistant
tar_cell_929,resistant
tar_cell_930,resistant
tar_cell_931,resistant
tar_cell_932,resistant
tar_cell_933,resistant
tar_cell_934,resistant
tar_cell_935,resistant
tar_cell_936,resistant
tar_cell_937,resistant
tar_cell_938,resistant
tar_cell_939,resistant
tar_cell_940,resistant
tar_cell_941,resistant
tar_cell_942,resistant
tar_cell_943,resistant
tar_cell_944,resistant
tar_cell_945,resistant
tar_cell_946,resistant
tar_cell_947,resistant
tar_cell_948,resistant
tar_cell_949,resistant
tar_cell_950,resistant
tar_cell_951,resistant
tar_cell_952,resistant
tar_cell_953,resistant
tar_cell_954,resistant
tar_cell_955,resistant
tar_cell_956,resistant
tar_cell_957,resistant
tar_cell_958,resistant
tar_cell_959,resistant
tar_cell_960,resistant
tar_cell_961,resistant
tar_cell_962,resistant
tar_cell_963,resistant
tar_cell_964,resistant
tar_cell_965,resistant
tar_cell_966,resistant
tar_cell_967,resistant
tar_cell_968,resistant
tar_cell_969,resistant
tar_cell_970,resistant
tar_cell_971,resistant
tar_cell_972,resistant
tar_cell_973,resistant
tar_cell_974,resistant
tar_cell_975,resistant
tar_cell_976,resistant
tar_cell_977,resistant
tar_cell_978,resistant
tar_cell_979,resistant
tar_cell_980,resistant
tar_cell_981,resistant
tar_cell_982,resistant
tar_cell_983,resistant
tar_cell_984,resistant
tar_cell_985,resistant
tar_cell_986,resistant
tar_cell_987,resistant
tar_cell_988,resistant
tar_cell_989,resistant
tar_cell_990,resistant
tar_cell_991,resistant
tar_cell_992,resistant
tar_cell_993,resistant
tar_cell_994,resistant
tar_cell_995,resistant
tar_cell_996,resistant
tar_cell_997,resistant
tar_cell_998,resistant
tar_cell_999,resistant
tar_cell_1000,resistant
tar_cell_1001,sensitive
tar_cell_1002,sensitive
tar_cell_1003,sensitive
tar_cell_1004,sensitive
tar_cell_1005,sensitive
tar_cell_1006,sensitive
tar_cell_1007,sensitive
tar_cell_1008,sensitive
tar_cell_1009,sensitive
tar_cell_1010,sensitive
tar_cell_1011,sensitive
tar_cell_1012,sensitive
tar_cell_1013,sensitive
tar_cell_1014,sensitive
tar_cell_1015,sensitive
tar_cell_1016,sensitive
tar_cell_1017,sensitive
tar_cell_1018,sensitive
tar_cell_1019,sensitive
tar_cell_1020,sensitive
tar_cell_1021,sensitive
tar_cell_1022,sensitive
tar_cell_1023,sensitive
tar_cell_1024,sensitive
tar_cell_1025,sensitive
tar_cell_1026,sensitive
tar_cell_1027,sensitive
tar_cell_1028,sensitive
tar_cell_1029,sensitive
tar_cell_1030,sensitive
tar_cell_1031,sensitive
tar_cell_1032,sensitive
tar_cell_1033,sensitive
tar_cell_1034,sensitive
tar_cell_1035,sensitive
tar_cell_1036,sensitive
tar_cell_1037,sensitive
tar_cell_1038,sensitive
tar_cell_1039,sensitive
tar_cell_1040,sensitive
tar_cell_1041,sensitive
tar_cell_1042,sensitive
tar_cell_1043,sensitive
tar_cell_1044,sensitive
tar_cell_1045,sensitive
tar_cell_1046,sensitive
tar_cell_1047,sensitive
tar_cell_1048,sensitive
tar_cell_1049,sensitive
tar_cell_1050,sensitive
tar_cell_1051,sensitive
tar_cell_1052,sensitive
tar_cell_1053,sensitive
tar_cell_1054,sensitive
tar_cell_1055,sensitive
tar_cell_1056,sensitive
tar_cell_1057,sensitive
tar_cell_1058,sensitive
tar_cell_1059,sensitive
tar_cell_1060,sensitive
tar_cell_1061,sensitive
tar_cell_1062,sensitive
tar_cell_1063,sensitive
tar_cell_1064,sensitive
tar_cell_1065,sensitive
tar_cell_1066,sensitive
tar_cell_1067,sensitive
tar_cell_1068,sensitive
tar_cell_1069,sensitive
tar_cell_1070,sensitive
tar_cell_1071,sensitive
tar_cell_1072,sensitive
tar_cell_1073,sensitive
tar_cell_1074,sensitive
tar_cell_1075,sensitive
tar_cell_1076,sensitive
tar_cell_1077,sensitive
tar_cell_1078,sensitive
tar_cell_1079,sensitive
tar_cell_1080,sensitive
tar_cell_1081,sensitive
tar_cell_1082,sensitive
tar_cell_1083,sensitive
tar_cell_1084,sensitive
tar_cell_1085,sensitive
tar_cell_1086,sensitive
tar_cell_1087,sensitive
tar_cell_1088,sensitive
tar_cell_1089,sensitive
tar_cell_1090,sensitive
tar_cell_1091,sensitive
tar_cell_1092,sensitive
tar_cell_1093,sensitive
tar_cell_1094,sensitive
tar_cell_1095,sensitive
tar_cell_1096,sensitive
tar_cell_1097,sensitive
tar_cell_1098,sensitive
tar_cell_1099,sensitive
tar_cell_1100,sensitive
tar_cell_1101,sensitive
tar_cell_1102,sensitive
tar_cell_1103,sensitive
tar_cell_1104,sensitive
tar_cell_1105,sensitive
tar_cell_1106,sensitive
tar_cell_1107,sensitive
tar_cell_1108,sensitive
tar_cell_1109,sensitive
tar_cell_1110,sensitive
tar_cell_1111,sensitive
tar_cell_1112,sensitive
tar_cell_1113,sensitive
tar_cell_1114,sensitive
tar_cell_1115,sensitive
tar_cell_1116,sensitive
tar_cell_1117,sensitive
tar_cell_1118,sensitive
tar_cell_1119,sensitive
tar_cell_1120,sensitive
tar_cell_1121,sensitive
tar_cell_1122,sensitive
tar_cell_1123,sensitive
tar_cell_1124,sensitive
tar_cell_1125,sensitive
tar_cell_1126,sensitive
tar_cell_1127,sensitive
tar_cell_1128,sensitive
tar_cell_1129,sensitive
tar_cell_1130,sensitive
tar_cell_1131,sensitive
tar_cell_1132,sensitive
tar_cell_1133,sensitive
tar_cell_1134,sensitive
tar_cell_1135,sensitive
tar_cell_1136,sensitive
tar_cell_1137,sensitive
tar_cell_1138,sensitive
tar_cell_1139,sensitive
tar_cell_1140,sensitive
tar_cell_1141,sensitive
tar_cell_1142,sensitive
tar_cell_1143,sensitive
tar_cell_1144,sensitive
tar_cell_1145,sensitive
tar_cell_1146,sensitive
tar_cell_1147,sensitive
tar_cell_1148,sensitive
tar_cell_1149,sensitive
tar_cell_1150,sensitive
tar_cell_1151,sensitive
tar_cell_1152,sensitive
tar_cell_1153,sensitive
tar_cell_1154,sensitive
tar_cell_1155,sensitive
tar_cell_1156,sensitive
tar_cell_1157,sensitive
tar_cell_1158,sensitive
tar_cell_1159,sensitive
tar_cell_1160,sensitive
tar_cell_1161,sensitive
tar_cell_1162,sensitive
tar_cell_1163,sensitive
tar_cell_1164,sensitive
tar_cell_1165,sensitive
tar_cell_1166,sensitive
tar_cell_1167,sensitive
tar_cell_1168,sensitive
tar_cell_1169,sensitive
tar_cell_1170,sensitive
tar_cell_1171,sensitive
tar_cell_1172,sensitive
tar_cell_1173,sensitive
tar_cell_1174,sensitive
tar_cell_1175,sensitive
tar_cell_1176,sensitive
tar_cell_1177,sensitive
tar_cell_1178,sensitive
tar_cell_1179,sensitive
tar_cell_1180,sensitive
tar_cell_1181,sensitive
tar_cell_1182,sensitive
tar_cell_1183,sensitive
tar_cell_1184,sensitive
tar_cell_1185,sensitive
tar_cell_1186,sensitive
tar_cell_1187,sensitive
tar_cell_1188,sensitive
tar_cell_1189,sensitive
tar_cell_1190,sensitive
tar_cell_1191,sensitive
tar_cell_1192,sensitive
tar_cell_1193,sensitive
tar_cell_1194,sensitive
tar_cell_1195,sensitive
tar_cell_1196,sensitive
tar_cell_1197,sensitive
tar_cell_1198,sensitive
tar_cell_1199,sensitive
tar_cell_1200,sensitive
tar_cell_1201,sensitive
tar_cell_1202,sensitive
tar_cell_1203,sensitive
tar_cell_1204,sensitive
tar_cell_1205,sensitive
tar_cell_1206,sensitive
tar_cell_1207,sensitive
tar_cell_1208,sensitive
tar_cell_1209,sensitive
tar_cell_1210,sensitive
tar_cell_1211,sensitive
tar_cell_1212,sensitive
tar_cell_1213,sensitive
tar_cell_1214,sensitive
tar_cell_1215,sensitive
tar_cell_1216,sensitive
tar_cell_1217,sensitive
tar_cell_1218,sensitive
tar_cell_1219,sensitive
tar_cell_1220,sensitive
tar_cell_1221,sensitive
tar_cell_1222,sensitive
tar_cell_1223,sensitive
tar_cell_1224,sensitive
tar_cell_1225,sensitive
tar_cell_1226,sensitive
tar_cell_1227,sensitive
tar_cell_1228,sensitive
tar_cell_1229,sensitive
tar_cell_1230,sensitive
tar_cell_1231,sensitive
tar_cell_1232,sensitive
tar_cell_1233,sensitive
tar_cell_1234,sensitive
tar_cell_1235,sensitive
tar_cell_1236,sensitive
tar_cell_1237,sensitive
tar_cell_1238,sensitive
tar_cell_1239,sensitive
tar_cell_1240,sensitive
tar_cell_1241,sensitive
tar_cell_1242,sensitive
tar_cell_1243,sensitive
tar_cell_1244,sensitive
tar_cell_1245,sensitive
tar_cell_1246,sensitive
tar_cell_1247,sensitive
tar_cell_1248,sensitive
tar_cell_1249,sensitive
tar_cell_1250,sensitive
tar_cell_1251,sensitive
tar_cell_1252,sensitive
tar_cell_1253,sensitive
tar_cell_1254,sensitive
tar_cell_1255,sensitive
tar_cell_1256,sensitive
tar_cell_1257,sensitive
tar_cell_1258,sensitive
tar_cell_1259,sensitive
tar_cell_1260,sensitive
tar_cell_1261,sensitive
tar_cell_1262,sensitive
tar_cell_1263,sensitive
tar_cell_1264,sensitive
tar_cell_1265,sensitive
tar_cell_1266,sensitive
tar_cell_1267,sensitive
tar_cell_1268,sensitive
tar_cell_1269,sensitive
tar_cell_1270,sensitive
tar_cell_1271,sensitive
tar_cell_1272,sensitive
tar_cell_1273,sensitive
tar_cell_1274,sensitive
tar_cell_1275,sensitive
tar_cell_1276,sensitive
tar_cell_1277,sensitive
tar_cell_1278,sensitive
tar_cell_1279,sensitive
tar_cell_1280,sensitive
tar_cell_1281,sensitive
tar_cell_1282,sensitive
tar_cell_1283,sensitive
tar_cell_1284,sensitive
tar_cell_1285,sensitive
tar_cell_1286,sensitive
tar_cell_1287,sensitive
tar_cell_1288,sensitive
tar_cell_1289,sensitive
tar_cell_1290,sensitive
tar_cell_1291,sensitive
tar_cell_1292,sensitive
tar_cell_1293,sensitive
tar_cell_1294,sensitive
tar_cell_1295,sensitive
tar_cell_1296,sensitive
tar_cell_1297,sensitive
tar_cell_1298,sensitive
tar_cell_1299,sensitive
tar_cell_1300,sensitive
tar_cell_1301,sensitive
tar_cell_1302,sensitive
tar_cell_1303,sensitive
tar_cell_1304,sensitive
tar_cell_1305,sensitive
tar_cell_1306,sensitive
tar_cell_1307,sensitive
tar_cell_1308,sensitive
tar_cell_1309,sensitive
tar_cell_1310,sensitive
tar_cell_1311,sensitive
tar_cell_1312,sensitive
tar_cell_1313,sensitive
tar_cell_1314,sensitive
tar_cell_1315,sensitive
tar_cell_1316,sensitive
tar_cell_1317,sensitive
tar_cell_1318,sensitive
tar_cell_1319,sensitive
tar_cell_1320,sensitive
tar_cell_1321,sensitive
tar_cell_1322,sensitive
tar_cell_1323,sensitive
tar_cell_1324,sensitive
tar_cell_1325,sensitive
tar_cell_1326,sensitive
tar_cell_1327,sensitive
tar_cell_1328,sensitive
tar_cell_1329,sensitive
tar_cell_1330,sensitive
tar_cell_1331,sensitive
tar_cell_1332,sensitive
tar_cell_1333,sensitive
tar_cell_1334,sensitive
tar_cell_1335,sensitive
tar_cell_1336,sensitive
tar_cell_1337,sensitive
tar_cell_1338,sensitive
tar_cell_1339,sensitive
tar_cell_1340,sensitive
tar_cell_1341,sensitive
tar_cell_1342,sensitive
tar_cell_1343,sensitive
tar_cell_1344,sensitive
tar_cell_1345,sensitive
tar_cell_1346,sensitive
tar_cell_1347,sensitive
tar_cell_1348,sensitive
tar_cell_1349,sensitive
tar_cell_1350,sensitive
tar_cell_1351,sensitive
tar_cell_1352,sensitive
tar_cell_1353,sensitive
tar_cell_1354,sensitive
tar_cell_1355,sensitive
tar_cell_1356,sensitive
tar_cell_1357,sensitive
tar_cell_1358,sensitive
tar_cell_1359,sensitive
tar_cell_1360,sensitive
tar_cell_1361,sensitive
tar_cell_1362,sensitive
tar_cell_1363,sensitive
tar_cell_1364,sensitive
tar_cell_1365,sensitive
tar_cell_1366,sensitive
tar_cell_1367,sensitive
tar_cell_1368,sensitive
tar_cell_1369,sensitive
tar_cell_1370,sensitive
tar_cell_1371,sensitive
tar_cell_1372,sensitive
tar_cell_1373,sensitive
tar_cell_1374,sensitive
tar_cell_1375,sensitive
tar_cell_1376,sensitive
tar_cell_1377,sensitive
tar_cell_1378,sensitive
tar_cell_1379,sensitive
tar_cell_1380,sensitive
tar_cell_1381,sensitive
tar_cell_1382,sensitive
tar_cell_1383,sensitive
tar_cell_1384,sensitive
tar_cell_1385,sensitive
tar_cell_1386,sensitive
tar_cell_1387,sensitive
tar_cell_1388,sensitive
tar_cell_1389,sensitive
tar_cell_1390,sensitive
tar_cell_1391,sensitive
tar_cell_1392,sensitive
tar_cell_1393,sensitive
tar_cell_1394,sensitive
tar_cell_1395,sensitive
tar_cell_1396,sensitive
tar_cell_1397,sensitive
tar_cell_1398,sensitive
tar_cell_1399,sensitive
tar_cell_1400,sensitive
tar_cell_1401,sensitive
tar_cell_1402,sensitive
tar_cell_1403,sensitive
tar_cell_1404,sensitive
tar_cell_1405,sensitive
tar_cell_1406,sensitive
tar_cell_1407,sensitive
tar_cell_1408,sensitive
tar_cell_1409,sensitive
tar_cell_1410,sensitive
tar_cell_1411,sensitive
tar_cell_1412,sensitive
tar_cell_1413,sensitive
tar_cell_1414,sensitive
tar_cell_1415,sensitive
tar_cell_1416,sensitive
tar_cell_1417,sensitive
tar_cell_1418,sensitive
tar_cell_1419,sensitive
tar_cell_1420,sensitive
tar_cell_1421,sensitive
tar_cell_1422,sensitive
tar_cell_1423,sensitive
tar_cell_1424,sensitive
tar_cell_1425,sensitive
tar_cell_1426,sensitive
tar_cell_1427,sensitive
tar_cell_1428,sensitive
tar_cell_1429,sensitive
tar_cell_1430,sensitive
tar_cell_1431,sensitive
tar_cell_1432,sensitive
tar_cell_1433,sensitive
tar_cell_1434,sensitive
tar_cell_1435,sensitive
tar_cell_1436,sensitive
tar_cell_1437,sensitive
tar_cell_1438,sensitive
tar_cell_1439,sensitive
tar_cell_1440,sensitive
tar_cell_1441,sensitive
tar_cell_1442,sensitive
tar_cell_1443,sensitive
tar_cell_1444,sensitive
tar_cell_1445,sensitive
tar_cell_1446,sensitive
tar_cell_1447,sensitive
tar_cell_1448,sensitive
tar_cell_1449,sensitive
tar_cell_1450,sensitive
tar_cell_1451,sensitive
tar_cell_1452,sensitive
tar_cell_1453,sensitive
tar_cell_1454,sensitive
tar_cell_1455,sensitive
tar_cell_1456,sensitive
tar_cell_1457,sensitive
tar_cell_1458,sensitive
tar_cell_1459,sensitive
tar_cell_1460,sensitive
tar_cell_1461,sensitive
tar_cell_1462,sensitive
tar_cell_1463,sensitive
tar_cell_1464,sensitive
tar_cell_1465,sensitive
tar_cell_1466,sensitive
tar_cell_1467,sensitive
tar_cell_1468,sensitive
tar_cell_1469,sensitive
tar_cell_1470,sensitive
tar_cell_1471,sensitive
tar_cell_1472,sensitive
tar_cell_1473,sensitive
tar_cell_1474,sensitive
tar_cell_1475,sensitive
tar_cell_1476,sensitive
tar_cell_1477,sensitive
tar_cell_1478,sensitive
tar_cell_1479,sensitive
tar_cell_1480,sensitive
tar_cell_1481,sensitive
tar_cell_1482,sensitive
tar_cell_1483,sensitive
tar_cell_1484,sensitive
tar_cell_1485,sensitive
tar_cell_1486,sensitive
tar_cell_1487,sensitive
tar_cell_1488,sensitive
tar_cell_1489,sensitive
tar_cell_1490,sensitive
tar_cell_1491,sensitive
tar_cell_1492,sensitive
tar_cell_1493,sensitive
tar_cell_1494,sensitive
tar_cell_1495,sensitive
tar_cell_1496,sensitive
tar_cell_1497,sensitive
tar_cell_1498,sensitive
tar_cell_1499,sensitive
tar_cell_1500,sensitive
tar_cell_1501,sensitive
tar_cell_1502,sensitive
tar_cell_1503,sensitive
tar_cell_1504,sensitive
tar_cell_1505,sensitive
tar_cell_1506,sensitive
tar_cell_1507,sensitive
tar_cell_1508,sensitive
tar_cell_1509,sensitive
tar_cell_1510,sensitive
tar_cell_1511,sensitive
tar_cell_1512,sensitive
tar_cell_1513,sensitive
tar_cell_1514,sensitive
tar_cell_1515,sensitive
tar_cell_1516,sensitive
tar_cell_1517,sensitive
tar_cell_1518,sensitive
tar_cell_1519,sensitive
tar_cell_1520,sensitive
tar_cell_1521,sensitive
tar_cell_1522,sensitive
tar_cell_1523,sensitive
tar_cell_1524,sensitive
tar_cell_1525,sensitive
tar_cell_1526,sensitive
tar_cell_1527,sensitive
tar_cell_1528,sensitive
tar_cell_1529,sensitive
tar_cell_1530,sensitive
tar_cell_1531,sensitive
tar_cell_1532,sensitive
tar_cell_1533,sensitive
tar_cell_1534,sensitive
tar_cell_1535,sensitive
tar_cell_1536,sensitive
tar_cell_1537,sensitive
tar_cell_1538,sensitive
tar_cell_1539,sensitive
tar_cell_1540,sensitive
tar_cell_1541,sensitive
tar_cell_1542,sensitive
tar_cell_1543,sensitive
tar_cell_1544,sensitive
tar_cell_1545,sensitive
tar_cell_1546,sensitive
tar_cell_1547,sensitive
tar_cell_1548,sensitive
tar_cell_1549,sensitive
tar_cell_1550,sensitive
tar_cell_1551,sensitive
tar_cell_1552,sensitive
tar_cell_1553,sensitive
tar_cell_1554,sensitive
tar_cell_1555,sensitive
tar_cell_1556,sensitive
tar_cell_1557,sensitive
tar_cell_1558,sensitive
tar_cell_1559,sensitive
tar_cell_1560,sensitive
tar_cell_1561,sensitive
tar_cell_1562,sensitive
tar_cell_1563,sensitive
tar_cell_1564,sensitive
tar_cell_1565,sensitive
tar_cell_1566,sensitive
tar_cell_1567,sensitive
tar_cell_1568,sensitive
tar_cell_1569,sensitive
tar_cell_1570,sensitive
tar_cell_1571,sensitive
tar_cell_1572,sensitive
tar_cell_1573,sensitive
tar_cell_1574,sensitive
tar_cell_1575,sensitive
tar_cell_1576,sensitive
tar_cell_1577,sensitive
tar_cell_1578,sensitive
tar_cell_1579,sensitive
tar_cell_1580,sensitive
tar_cell_1581,sensitive
tar_cell_1582,sensitive
tar_cell_1583,sensitive
tar_cell_1584,sensitive
tar_cell_1585,sensitive
tar_cell_1586,sensitive
tar_cell_1587,sensitive
tar_cell_1588,sensitive
tar_cell_1589,sensitive
tar_cell_1590,sensitive
tar_cell_1591,sensitive
tar_cell_1592,sensitive
tar_cell_1593,sensitive
tar_cell_1594,sensitive
tar_cell_1595,sensitive
tar_cell_1596,sensitive
tar_cell_1597,sensitive
tar_cell_1598,sensitive
tar_cell_1599,sensitive
tar_cell_1600,sensitive
tar_cell_1601,sensitive
tar_cell_1602,sensitive
tar_cell_1603,sensitive
tar_cell_1604,sensitive
tar_cell_1605,sensitive
tar_cell_1606,sensitive
tar_cell_1607,sensitive
tar_cell_1608,sensitive
tar_cell_1609,sensitive
tar_cell_1610,sensitive
tar_cell_1611,sensitive
tar_cell_1612,sensitive
tar_cell_1613,sensitive
tar_cell_1614,sensitive
tar_cell_1615,sensitive
tar_cell_1616,sensitive
tar_cell_1617,sensitive
tar_cell_1618,sensitive
tar_cell_1619,sensitive
tar_cell_1620,sensitive
tar_cell_1621,sensitive
tar_cell_1622,sensitive
tar_cell_1623,sensitive
tar_cell_1624,sensitive
tar_cell_1625,sensitive
tar_cell_1626,sensitive
tar_cell_1627,sensitive
tar_cell_1628,sensitive
tar_cell_1629,sensitive
tar_cell_1630,sensitive
tar_cell_1631,sensitive
tar_cell_1632,sensitive
tar_cell_1633,sensitive
tar_cell_1634,sensitive
tar_cell_1635,sensitive
tar_cell_1636,sensitive
tar_cell_1637,sensitive
tar_cell_1638,sensitive
tar_cell_1639,sensitive
tar_cell_1640,sensitive
tar_cell_1641,sensitive
tar_cell_1642,sensitive
tar_cell_1643,sensitive
tar_cell_1644,sensitive
tar_cell_1645,sensitive
tar_cell_1646,sensitive
tar_cell_1647,sensitive
tar_cell_1648,sensitive
tar_cell_1649,sensitive
tar_cell_1650,sensitive
tar_cell_1651,sensitive
tar_cell_1652,sensitive
tar_cell_1653,sensitive
tar_cell_1654,sensitive
tar_cell_1655,sensitive
tar_cell_1656,sensitive
tar_cell_1657,sensitive
tar_cell_1658,sensitive
tar_cell_1659,sensitive
tar_cell_1660,sensitive
tar_cell_1661,sensitive
tar_cell_1662,sensitive
tar_cell_1663,sensitive
tar_cell_1664,sensitive
tar_cell_1665,sensitive
tar_cell_1666,sensitive
tar_cell_1667,sensitive
tar_cell_1668,sensitive
tar_cell_1669,sensitive
tar_cell_1670,sensitive
tar_cell_1671,sensitive
tar_cell_1672,sensitive
tar_cell_1673,sensitive
tar_cell_1674,sensitive
tar_cell_1675,sensitive
tar_cell_1676,sensitive
tar_cell_1677,sensitive
tar_cell_1678,sensitive
tar_cell_1679,sensitive
tar_cell_1680,sensitive
tar_cell_1681,sensitive
tar_cell_1682,sensitive
tar_cell_1683,sensitive
tar_cell_1684,sensitive
tar_cell_1685,sensitive
tar_cell_1686,sensitive
tar_cell_1687,sensitive
tar_cell_1688,sensitive
tar_cell_1689,sensitive
tar_cell_1690,sensitive
tar_cell_1691,sensitive
tar_cell_1692,sensitive
tar_cell_1693,sensitive
tar_cell_1694,sensitive
tar_cell_1695,sensitive
tar_cell_1696,sensitive
tar_cell_1697,sensitive
tar_cell_1698,sensitive
tar_cell_1699,sensitive
tar_cell_1700,sensitive
tar_cell_1701,sensitive
tar_cell_1702,sensitive
tar_cell_1703,sensitive
tar_cell_1704,sensitive
tar_cell_1705,sensitive
tar_cell_1706,sensitive
tar_cell_1707,sensitive
tar_cell_1708,sensitive
tar_cell_1709,sensitive
tar_cell_1710,sensitive
tar_cell_1711,sensitive
tar_cell_1712,sensitive
tar_cell_1713,sensitive
tar_cell_1714,sensitive
tar_cell_1715,sensitive
tar_cell_1716,sensitive
tar_cell_1717,sensitive
tar_cell_1718,sensitive
tar_cell_1719,sensitive
tar_cell_1720,sensitive
tar_cell_1721,sensitive
tar_cell_1722,sensitive
tar_cell_1723,sensitive
tar_cell_1724,sensitive
tar_cell_1725,sensitive
tar_cell_1726,sensitive
tar_cell_1727,sensitive
tar_cell_1728,sensitive
tar_cell_1729,sensitive
tar_cell_1730,sensitive
tar_cell_1731,sensitive
tar_cell_1732,sensitive
tar_cell_1733,sensitive
tar_cell_1734,sensitive
tar_cell_1735,sensitive
tar_cell_1736,sensitive
tar_cell_1737,sensitive
tar_cell_1738,sensitive
tar_cell_1739,sensitive
tar_cell_1740,sensitive
tar_cell_1741,sensitive
tar_cell_1742,sensitive
tar_cell_1743,sensitive
tar_cell_1744,sensitive
tar_cell_1745,sensitive
tar_cell_1746,sensitive
tar_cell_1747,sensitive
tar_cell_1748,sensitive
tar_cell_1749,sensitive
tar_cell_1750,sensitive
tar_cell_1751,sensitive
tar_cell_1752,sensitive
tar_cell_1753,sensitive
tar_cell_1754,sensitive
tar_cell_1755,sensitive
tar_cell_1756,sensitive
tar_cell_1757,sensitive
tar_cell_1758,sensitive
tar_cell_1759,sensitive
tar_cell_1760,sensitive
tar_cell_1761,sensitive
tar_cell_1762,sensitive
tar_cell_1763,sensitive
tar_cell_1764,sensitive
tar_cell_1765,sensitive
tar_cell_1766,sensitive
tar_cell_1767,sensitive
tar_cell_1768,sensitive
tar_cell_1769,sensitive
tar_cell_1770,sensitive
tar_cell_1771,sensitive
tar_cell_1772,sensitive
tar_cell_1773,sensitive
tar_cell_1774,sensitive
tar_cell_1775,sensitive
tar_cell_1776,sensitive
tar_cell_1777,sensitive
tar_cell_1778,sensitive
tar_cell_1779,sensitive
tar_cell_1780,sensitive
tar_cell_1781,sensitive
tar_cell_1782,sensitive
tar_cell_1783,sensitive
tar_cell_1784,sensitive
tar_cell_1785,sensitive
tar_cell_1786,sensitive
tar_cell_1787,sensitive
tar_cell_1788,sensitive
tar_cell_1789,sensitive
tar_cell_1790,sensitive
tar_cell_1791,sensitive
tar_cell_1792,sensitive
tar_cell_1793,sensitive
tar_cell_1794,sensitive
tar_cell_1795,sensitive
tar_cell_1796,sensitive
tar_cell_1797,sensitive
tar_cell_1798,sensitive
tar_cell_1799,sensitive
tar_cell_1800,sensitive
tar_cell_1801,sensitive
tar_cell_1802,sensitive
tar_cell_1803,sensitive
tar_cell_1804,sensitive
tar_cell_1805,sensitive
tar_cell_1806,sensitive
tar_cell_1807,sensitive
tar_cell_1808,sensitive
tar_cell_1809,sensitive
tar_cell_1810,sensitive
tar_cell_1811,sensitive
tar_cell_1812,sensitive
tar_cell_1813,sensitive
tar_cell_1814,sensitive
tar_cell_1815,sensitive
tar_cell_1816,sensitive
tar_cell_1817,sensitive
tar_cell_1818,sensitive
tar_cell_1819,sensitive
tar_cell_1820,sensitive
tar_cell_1821,sensitive
tar_cell_1822,sensitive
tar_cell_1823,sensitive
tar_cell_1824,sensitive
tar_cell_1825,sensitive
tar_cell_1826,sensitive
tar_cell_1827,sensitive
tar_cell_1828,sensitive
tar_cell_1829,sensitive
tar_cell_1830,sensitive
tar_cell_1831,sensitive
tar_cell_1832,sensitive
tar_cell_1833,sensitive
tar_cell_1834,sensitive
tar_cell_1835,sensitive
tar_cell_1836,sensitive
tar_cell_1837,sensitive
tar_cell_1838,sensitive
tar_cell_1839,sensitive
tar_cell_1840,sensitive
tar_cell_1841,sensitive
tar_cell_1842,sensitive
tar_cell_1843,sensitive
tar_cell_1844,sensitive
tar_cell_1845,sensitive
tar_cell_1846,sensitive
tar_cell_1847,sensitive
tar_cell_1848,sensitive
tar_cell_1849,sensitive
tar_cell_1850,sensitive
tar_cell_1851,sensitive
tar_cell_1852,sensitive
tar_cell_1853,sensitive
tar_cell_1854,sensitive
tar_cell_1855,sensitive
tar_cell_1856,sensitive
tar_cell_1857,sensitive
tar_cell_1858,sensitive
tar_cell_1859,sensitive
tar_cell_1860,sensitive
tar_cell_1861,sensitive
tar_cell_1862,sensitive
tar_cell_1863,sensitive
tar_cell_1864,sensitive
tar_cell_1865,sensitive
tar_cell_1866,sensitive
tar_cell_1867,sensitive
tar_cell_1868,sensitive
tar_cell_1869,sensitive
tar_cell_1870,sensitive
tar_cell_1871,sensitive
tar_cell_1872,sensitive
tar_cell_1873,sensitive
tar_cell_1874,sensitive
tar_cell_1875,sensitive
tar_cell_1876,sensitive
tar_cell_1877,sensitive
tar_cell_1878,sensitive
tar_cell_1879,sensitive
tar_cell_1880,sensitive
tar_cell_1881,sensitive
tar_cell_1882,sensitive
tar_cell_1883,sensitive
tar_cell_1884,sensitive
tar_cell_1885,sensitive
tar_cell_1886,sensitive
tar_cell_1887,sensitive
tar_cell_1888,sensitive
tar_cell_1889,sensitive
tar_cell_1890,sensitive
tar_cell_1891,sensitive
tar_cell_1892,sensitive
tar_cell_1893,sensitive
tar_cell_1894,sensitive
tar_cell_1895,sensitive
tar_cell_1896,sensitive
tar_cell_1897,sensitive
tar_cell_1898,sensitive
tar_cell_1899,sensitive
tar_cell_1900,sensitive
tar_cell_1901,sensitive
tar_cell_1902,sensitive
tar_cell_1903,sensitive
tar_cell_1904,sensitive
tar_cell_1905,sensitive
tar_cell_1906,sensitive
tar_cell_1907,sensitive
tar_cell_1908,sensitive
tar_cell_1909,sensitive
tar_cell_1910,sensitive
tar_cell_1911,sensitive
tar_cell_1912,sensitive
tar_cell_1913,sensitive
tar_cell_1914,sensitive
tar_cell_1915,sensitive
tar_cell_1916,sensitive
tar_cell_1917,sensitive
tar_cell_1918,sensitive
tar_cell_1919,sensitive
tar_cell_1920,sensitive
tar_cell_1921,sensitive
tar_cell_1922,sensitive
tar_cell_1923,sensitive
tar_cell_1924,sensitive
tar_cell_1925,sensitive
tar_cell_1926,sensitive
tar_cell_1927,sensitive
tar_cell_1928,sensitive
tar_cell_1929,sensitive
tar_cell_1930,sensitive
tar_cell_1931,sensitive
tar_cell_1932,sensitive
tar_cell_1933,sensitive
tar_cell_1934,sensitive
tar_cell_1935,sensitive
tar_cell_1936,sensitive
tar_cell_1937,sensitive
tar_cell_1938,sensitive
tar_cell_1939,sensitive
tar_cell_1940,sensitive
tar_cell_1941,sensitive
tar_cell_1942,sensitive
tar_cell_1943,sensitive
tar_cell_1944,sensitive
tar_cell_1945,sensitive
tar_cell_1946,sensitive
tar_cell_1947,sensitive
tar_cell_1948,sensitive
tar_cell_1949,sensitive
tar_cell_1950,sensitive
tar_cell_1951,sensitive
tar_cell_1952,sensitive
tar_cell_1953,sensitive
tar_cell_1954,sensitive
tar_cell_1955,sensitive
tar_cell_1956,sensitive
tar_cell_1957,sensitive
tar_cell_1958,sensitive
tar_cell_1959,sensitive
tar_cell_1960,sensitive
tar_cell_1961,sensitive
tar_cell_1962,sensitive
tar_cell_1963,sensitive
tar_cell_1964,sensitive
tar_cell_1965,sensitive
tar_cell_1966,sensitive
tar_cell_1967,sensitive
tar_cell_1968,sensitive
tar_cell_1969,sensitive
tar_cell_1970,sensitive
tar_cell_1971,sensitive
tar_cell_1972,sensitive
tar_cell_1973,sensitive
tar_cell_1974,sensitive
tar_cell_1975,sensitive
tar_cell_1976,sensitive
tar_cell_1977,sensitive
tar_cell_1978,sensitive
tar_cell_1979,sensitive
tar_cell_1980,sensitive
tar_cell_1981,sensitive
tar_cell_1982,sensitive
tar_cell_1983,sensitive
tar_cell_1984,sensitive
tar_cell_1985,sensitive
tar_cell_1986,sensitive
tar_cell_1987,sensitive
tar_cell_1988,sensitive
tar_cell_1989,sensitive
tar_cell_1990,sensitive
tar_cell_1991,sensitive
tar_cell_1992,sensitive
tar_cell_1993,sensitive
tar_cell_1994,sensitive
tar_cell_1995,sensitive
tar_cell_1996,sensitive
tar_cell_1997,sensitive
tar_cell_1998,sensitive
tar_cell_1999,sensitive
tar_cell_2000,sensitive
